0.000000000000000000e+00,-3.000000000000000000e+00,-3.000000000000000000e+00,8.708930106353760742e+12,-1.334332293818959897e+03,8.708930106353760742e+12,-1.334332293818959897e+03,0.000000000000000000e+00
1.000000000000000056e-01,8.708930106323758545e+11,-1.364332293818960125e+02,7.740604331133896484e+12,4.177666176440252930e+12,7.740604331133896484e+12,4.177666176440252930e+12,-4.949071691396589312e-01
2.000000000000000111e-01,1.750494341309755859e+12,-1.727806951635656389e+02,7.496778993934758789e+12,4.927253717266025391e+12,7.496778993934758789e+12,4.927253717266025391e+12,-5.814546107669029684e-01
3.000000000000000444e-01,2.647598150677506836e+12,-2.093269854127497069e+02,7.538594511377182617e+12,5.335589406734847656e+12,7.538594511377182617e+12,5.335589406734847656e+12,-6.159215722573123664e-01
4.000000000000000222e-01,3.571172303218752441e+12,-2.460642463159587692e+02,7.772439541236155273e+12,5.622290867602639648e+12,7.772439541236155273e+12,5.622290867602639648e+12,-6.262339899236202267e-01
5.000000000000000000e-01,4.530447920661930664e+12,-2.830647678839937385e+02,8.171552132973459961e+12,5.842990316551004883e+12,8.171552132973459961e+12,5.842990316551004883e+12,-6.207490652532802189e-01
6.000000000000000888e-01,5.535011508003276367e+12,-3.199343968553940272e+02,8.727554876871402344e+12,6.013839690139241211e+12,8.727554876871402344e+12,6.013839690139241211e+12,-6.033482724068730541e-01
7.000000000000000666e-01,6.594900567987841797e+12,-3.567732999489294343e+02,9.439080400314914062e+12,6.135716680255964844e+12,9.439080400314914062e+12,6.135716680255964844e+12,-5.763986371065589198e-01
8.000000000000000444e-01,7.720703650165098633e+12,-3.934716052298002751e+02,1.030990322476746094e+13,6.198200882003361328e+12,1.030990322476746094e+13,6.198200882003361328e+12,-5.412933400637899295e-01
9.000000000000000222e-01,8.923665821963271484e+12,-4.299584930993934222e+02,1.134711613130550586e+13,6.180953319690446289e+12,1.134711613130550586e+13,6.180953319690446289e+12,-4.987771850519991390e-01
1.000000000000000000e+00,1.021580059990837891e+13,-4.661055954973527946e+02,1.255846018387842969e+13,6.055320524444094727e+12,1.255846018387842969e+13,6.055320524444094727e+12,-4.492826381773531996e-01
1.100000000000000089e+00,1.161000943951533008e+13,-5.018487375472022904e+02,1.395411988624700977e+13,5.775214045706578125e+12,1.395411988624700977e+13,5.775214045706578125e+12,-3.924071707455638602e-01
1.200000000000000178e+00,1.312020995293558984e+13,-5.370685361816661043e+02,1.555879156153589844e+13,5.224825998998379883e+12,1.555879156153589844e+13,5.224825998998379883e+12,-3.239795248914212333e-01
1.300000000000000044e+00,1.476147410466477734e+13,-5.717554809021303299e+02,1.743115354606142383e+13,4.012599069167981934e+12,1.743115354606142383e+13,4.012599069167981934e+12,-2.262554722414062691e-01
1.400000000000000133e+00,1.655017772806430078e+13,-6.057324215520762891e+02,1.953404693153357422e+13,4.762146878177238159e+11,1.953404693153357422e+13,4.762146878177238159e+11,-2.437387306239959320e-02
1.500000000000000000e+00,1.850416280976847656e+13,-6.389071796890888209e+02,1.478119433993366211e+13,-1.545774901349954102e+13,1.478119433993366211e+13,-1.545774901349954102e+13,8.077680527623836149e-01
1.600000000000000089e+00,2.064291410592058984e+13,-6.712535521685398407e+02,1.709785314802849023e+13,1.604648844918328125e+13,1.709785314802849023e+13,1.604648844918328125e+13,5.529497300924730574e+00
1.700000000000000178e+00,2.298775178435660938e+13,-7.026777351906038120e+02,2.566738071975082031e+13,1.970416945781332031e+12,2.566738071975082031e+13,1.970416945781332031e+12,6.206568222949109703e+00
1.800000000000000044e+00,2.556204193108223828e+13,-7.330422702489697713e+02,2.208789628040991406e+13,-1.768238611261891406e+13,2.208789628040991406e+13,-1.768238611261891406e+13,6.958259338556025853e+00
1.900000000000000133e+00,2.839142691854841406e+13,-7.622872638948546182e+02,2.733011941617678125e+13,1.489711813391350781e+13,2.733011941617678125e+13,1.489711813391350781e+13,1.206731213107801537e+01
2.000000000000000000e+00,3.150407780806086719e+13,-7.903090590773510939e+02,3.222505777218297656e+13,-1.165784925593226172e+13,3.222505777218297656e+13,-1.165784925593226172e+13,1.291348647700427321e+01
2.100000000000000089e+00,3.493097114998819141e+13,-8.170169935353031860e+02,3.775191195562151562e+13,1.515246984771382141e+11,3.775191195562151562e+13,1.515246984771382141e+11,1.884554224707266101e+01
2.200000000000000178e+00,3.870619275413178125e+13,-8.423156632527031888e+02,3.761579965916499219e+13,-1.779070048056269141e+13,3.761579965916499219e+13,-1.779070048056269141e+13,2.557452231273711973e+01
2.300000000000000266e+00,4.286727122922395312e+13,-8.661247649631987997e+02,-3.067369152665546387e+12,4.578008580659567969e+13,-3.067369152665546387e+12,4.578008580659567969e+13,3.606141325284009724e+01
2.400000000000000355e+00,4.745554433571839844e+13,-8.883451336483134355e+02,5.042726691490757812e+13,4.298858568406962891e+12,5.042726691490757812e+13,4.298858568406962891e+12,2.504769815084043572e+01
2.500000000000000000e+00,5.251656146026810938e+13,-9.088856778832034706e+02,5.339644704916276562e+13,-1.633662208433478125e+13,5.339644704916276562e+13,-1.633662208433478125e+13,6.580091480895974065e+00
2.600000000000000089e+00,5.810052580345698438e+13,-9.276501887106744562e+02,6.051833102923328125e+13,-1.161333298789400781e+13,6.051833102923328125e+13,-1.161333298789400781e+13,1.895929582679573289e-01
2.700000000000000178e+00,6.426278017474973438e+13,-9.445611330644435384e+02,6.768909798234903906e+13,-6.656459138358867188e+12,6.768909798234903906e+13,-6.656459138358867188e+12,9.802355001293244774e-02
2.800000000000000266e+00,7.106434060888889062e+13,-9.595286378960613547e+02,7.467835948563528125e+13,-7.769290406239172852e+12,7.467835948563528125e+13,-7.769290406239172852e+12,1.036637714496330825e-01
2.900000000000000355e+00,7.857248235560782812e+13,-9.724679554730790869e+02,8.278318194842853125e+13,-4.187173186792155762e+12,8.278318194842853125e+13,-4.187173186792155762e+12,5.053693065476757423e-02
3.000000000000000000e+00,8.686138314690873438e+13,-9.832979694694282671e+02,9.112007977847476562e+13,8.486884042103673828e+12,9.112007977847476562e+13,8.486884042103673828e+12,-6.376056931493073954e+00
3.100000000000000089e+00,9.601282901058509375e+13,-9.919398805083362731e+02,9.891323020811126562e+13,-2.062950133166498047e+13,9.891323020811126562e+13,-2.062950133166498047e+13,-1.236075646591106114e+01
3.200000000000000178e+00,1.061169882707097969e+14,-9.983183548054618086e+02,1.056020670643035781e+14,-3.597836520679978906e+13,1.056020670643035781e+14,-3.597836520679978906e+13,-5.954821667154958753e+00
3.300000000000000266e+00,1.172732597496618906e+14,-1.002353674330828426e+03,1.199843788939796406e+14,-2.787324615146007812e+13,1.199843788939796406e+14,-2.787324615146007812e+13,2.282586492321966587e-01
3.400000000000000355e+00,1.295912015540359375e+14,-1.003985377336380338e+03,1.328532348181753906e+14,-2.910254470239778906e+13,1.328532348181753906e+14,-2.910254470239778906e+13,1.278202209193495698e+01
3.500000000000000000e+00,1.431915471782503125e+14,-1.003148137451685670e+03,1.499106176071824688e+14,-8.610342809494830078e+12,1.499106176071824688e+14,-8.610342809494830078e+12,6.340558782606183108e+00
3.600000000000000089e+00,1.582073159813002500e+14,-9.997667120394902440e+02,1.614467997359034375e+14,-3.764273773081618750e+13,1.614467997359034375e+14,-3.764273773081618750e+13,6.512251686853661958e+00
3.700000000000000178e+00,1.747850253673514062e+14,-9.937856053379665582e+02,1.812912970590337500e+14,2.502154156462199609e+13,1.812912970590337500e+14,2.502154156462199609e+13,1.871240397695570934e+01
3.800000000000000266e+00,1.930860122073059375e+14,-9.851827743490242710e+02,2.016152496997675938e+14,-1.275937159651201172e+13,2.016152496997675938e+14,-1.275937159651201172e+13,2.519594268945649773e+01
3.900000000000000355e+00,2.132878711502448438e+14,-9.738858252358535310e+02,2.211641206131281875e+14,-2.841064271306833203e+13,2.211641206131281875e+14,-2.841064271306833203e+13,1.277598546780850108e-01
4.000000000000000000e+00,2.355860174557007188e+14,-9.598491592020927783e+02,2.387455334159441875e+14,-5.968795158693446875e+13,2.387455334159441875e+14,-5.968795158693446875e+13,-3.117094169053254760e+01
4.100000000000000533e+00,2.601953817893669375e+14,-9.430421355325430568e+02,2.695875275153437188e+14,-3.274265717507731641e+13,2.695875275153437188e+14,-3.274265717507731641e+13,-1.244550794158384122e+01
4.200000000000000178e+00,2.873522440143600000e+14,-9.234450844081710557e+02,2.963785610566839375e+14,-4.408727906882757031e+13,2.963785610566839375e+14,-4.408727906882757031e+13,-1.241870018848471702e+01
4.299999999999999822e+00,3.173162123145920000e+14,-9.010306940537406035e+02,3.283035661932378750e+14,-3.856956922143314844e+13,3.283035661932378750e+14,-3.856956922143314844e+13,-6.166239943071193608e+00
4.400000000000000355e+00,3.503723529309938750e+14,-8.758006761462494296e+02,3.617850389849525000e+14,-4.530918869647980469e+13,3.617850389849525000e+14,-4.530918869647980469e+13,-6.158596106266110759e+00
4.500000000000000000e+00,3.868334742815078750e+14,-8.477345224530968153e+02,3.989342861366039375e+14,-5.028469341877718750e+13,3.989342861366039375e+14,-5.028469341877718750e+13,6.408571612212057289e+00
4.600000000000000533e+00,4.270425671645315000e+14,-8.168132633309390940e+02,4.375438249378520000e+14,-7.138212511670285938e+13,4.375438249378520000e+14,-7.138212511670285938e+13,1.617181043552526898e-01
4.700000000000000178e+00,4.713753999780848125e+14,-7.830884084950819215e+02,4.852347241926903125e+14,-5.791440657616743750e+13,4.852347241926903125e+14,-5.791440657616743750e+13,1.187914408597071925e-01
4.800000000000000711e+00,5.202432642706299375e+14,-7.465783789949704214e+02,5.350400865481380000e+14,-6.117455641456553906e+13,5.350400865481380000e+14,-6.117455641456553906e+13,1.896339795890040492e+01
4.900000000000000355e+00,5.740958612893437500e+14,-7.072448515818945225e+02,5.930404291016601250e+14,1.701714060689726758e+13,5.930404291016601250e+14,1.701714060689726758e+13,1.882086905381862607e+01
5.000000000000000000e+00,6.334243142966127500e+14,-6.651138092077120518e+02,6.350812393482888750e+14,-1.536326267667169688e+14,6.350812393482888750e+14,-1.536326267667169688e+14,-2.489539087190777877e+01
5.100000000000000533e+00,6.987642840379185000e+14,-6.204611504137848215e+02,7.193206969469578750e+14,6.348969352451360352e+12,7.193206969469578750e+14,6.348969352451360352e+12,-8.826111240771648478e-03
5.200000000000000178e+00,7.706991555862992500e+14,-5.730690374103467093e+02,7.073548956915061250e+14,-3.554497039800454375e+14,7.073548956915061250e+14,-3.554497039800454375e+14,3.816476181827288627e+01
5.300000000000000711e+00,8.498632535422786250e+14,-5.229556845198699193e+02,8.624784249852282500e+14,-1.202269776758991562e+14,8.624784249852282500e+14,-1.202269776758991562e+14,-6.144680740345260794e+00
5.400000000000000355e+00,9.369450288874263750e+14,-4.704980553135875425e+02,9.520101432508112500e+14,-1.019284040024420938e+14,9.520101432508112500e+14,-1.019284040024420938e+14,1.895621611342090063e+01
5.500000000000000000e+00,1.032690144292608875e+15,-4.154887702122659334e+02,-5.140137759193648750e+14,9.180376143976125000e+14,-5.140137759193648750e+14,9.180376143976125000e+14,7.331701142255471382e+01
5.600000000000000533e+00,1.137904364970427000e+15,-3.581533795032740954e+02,-7.219565241378800000e+14,9.022194973912532500e+14,-7.219565241378800000e+14,9.022194973912532500e+14,4.037525772928111323e+00
5.700000000000000178e+00,1.253456138830399250e+15,-2.987058171721579924e+02,1.153922316397624500e+15,-5.261749297614361875e+14,1.153922316397624500e+15,-5.261749297614361875e+14,-1.440854395437718836e+02
5.800000000000000711e+00,1.380278722347314500e+15,-2.368755612550721423e+02,1.311282122598849000e+15,4.639226165157176250e+14,1.311282122598849000e+15,4.639226165157176250e+14,-6.623235309080996558e+00
5.900000000000000355e+00,1.519371676847638750e+15,-1.732174677751078775e+02,-1.443799305180131500e+15,-4.888040350709888125e+14,-1.443799305180131500e+15,-4.888040350709888125e+14,-1.228485552657162856e+02
6.000000000000000000e+00,1.671801523608086750e+15,-1.081868405812677167e+02,-1.536555595145396500e+15,6.515754831405197500e+14,-1.536555595145396500e+15,6.515754831405197500e+14,2.108877729984890834e+02
6.100000000000000533e+00,1.838701305129927750e+15,-3.976005520562910078e+01,1.812774750723628250e+15,-2.166449965919825312e+14,1.812774750723628250e+15,-2.166449965919825312e+14,1.634817639961799784e+02
6.200000000000000178e+00,2.021268754348327000e+15,2.845259737424577651e+01,1.994088868876399500e+15,-5.825780340320517969e+13,1.994088868876399500e+15,-5.825780340320517969e+13,-2.198822788097830028e+02
6.300000000000000711e+00,2.220762723897197000e+15,1.001988321085708122e+02,-5.515850104722903750e+14,-2.106322896669135250e+15,-5.515850104722903750e+14,-2.106322896669135250e+15,-4.128633141029347939e+02
6.400000000000000355e+00,2.438497474656313500e+15,1.703743631161634653e+02,-1.184366047896845250e+15,-2.056734592703560250e+15,-1.184366047896845250e+15,-2.056734592703560250e+15,1.214737883382811106e+02
6.500000000000000000e+00,2.675834368548484000e+15,2.437811024164883804e+02,-8.962700069752065000e+14,2.422901883479275000e+15,-8.962700069752065000e+14,2.422901883479275000e+15,6.090675077334585552e+01
6.600000000000000533e+00,2.934170457052900500e+15,3.168953458204804861e+02,-2.788980573853166500e+15,-3.221945035555897500e+14,-2.788980573853166500e+15,-3.221945035555897500e+14,-3.739645400440068101e+02
6.700000000000000178e+00,3.214923407873702500e+15,3.910813356798472000e+02,1.167135858506869250e+15,-2.813401042993576500e+15,1.167135858506869250e+15,-2.813401042993576500e+15,-9.935340970016544304e+01
6.800000000000000711e+00,3.519512172291221000e+15,4.661612933667300354e+02,9.975003824449991250e+14,3.143748676254092500e+15,9.975003824449991250e+14,3.143748676254092500e+15,2.123647527440497242e+02
6.900000000000000355e+00,3.849332771290723500e+15,5.412067099117103908e+02,-2.226376989789164750e+15,2.782991658929956500e+15,-2.226376989789164750e+15,2.782991658929956500e+15,4.801994876795855305e+01
7.000000000000000000e+00,4.205728577584112500e+15,6.174120741010011670e+02,3.841880059778984000e+15,5.397946924594643750e+13,3.841880059778984000e+15,5.397946924594643750e+13,4.396824780025315249e+01
7.100000000000000533e+00,4.589954503008808000e+15,6.919223898383058895e+02,3.917815914491051000e+15,-1.312438918937219750e+15,3.917815914491051000e+15,-1.312438918937219750e+15,-1.818891308544236836e+02
7.200000000000000178e+00,5.003134578227890000e+15,7.678687839858519055e+02,4.407696435626604000e+15,4.516866303425733125e+14,4.407696435626604000e+15,4.516866303425733125e+14,1.874743559699727058e+01
7.300000000000000711e+00,5.446212547446586000e+15,8.427021156969884714e+02,4.722340091862513000e+15,-3.701890807141284375e+14,4.722340091862513000e+15,-3.701890807141284375e+14,6.361416346813872913e+00
7.400000000000000355e+00,5.919895309416351000e+15,9.170097489507695627e+02,5.043213026911718000e+15,-1.939277763881057188e+14,5.043213026911718000e+15,-1.939277763881057188e+14,-2.509430694559517150e+01
7.500000000000000000e+00,6.424589331743891000e+15,9.920425871616420181e+02,5.348232619764011000e+15,-3.134874186808601250e+14,5.348232619764011000e+15,-3.134874186808601250e+14,4.404084530239175166e+01
7.600000000000000533e+00,6.960330561413945000e+15,1.065466433982307080e+03,5.655330161240105000e+15,-3.093193329560258750e+14,5.655330161240105000e+15,-3.093193329560258750e+14,1.890419666348588024e+01
7.700000000000000178e+00,7.526708859748591000e+15,1.137510500569882652e+03,5.863710308374190000e+15,-1.071451343591207750e+15,5.863710308374190000e+15,-1.071451343591207750e+15,-3.751837987865030044e+01
7.800000000000000711e+00,8.122788607452744000e+15,1.206898816522231982e+03,6.225296225943561000e+15,-4.616814708755389375e+14,6.225296225943561000e+15,-4.616814708755389375e+14,1.885695858666811660e+02
7.900000000000000355e+00,8.747027847499391000e+15,1.277696143745093423e+03,-6.443719475568053000e+15,8.664583836399148750e+14,-6.443719475568053000e+15,8.664583836399148750e+14,3.048681512203167472e+02
8.000000000000000000e+00,9.397199138856648000e+15,1.354544315471264554e+03,6.713153761667496000e+15,-4.921551374849017500e+14,6.713153761667496000e+15,-4.921551374849017500e+14,1.006041460552933273e+02
8.099999999999999645e+00,1.007031614285585000e+16,1.412926922528410614e+03,6.908762672548906000e+15,-4.366333974623126250e+14,6.908762672548906000e+15,-4.366333974623126250e+14,1.382931927555492564e+02
8.200000000000001066e+00,1.076257079534689800e+16,1.481617965431067887e+03,7.062753215805695000e+15,-2.494927072828514375e+14,7.062753215805695000e+15,-2.494927072828514375e+14,1.571149431313127423e+02
8.300000000000000711e+00,1.146928664771294400e+16,1.544966566700125213e+03,7.139761603077961000e+15,-4.829716059585863750e+14,7.139761603077961000e+15,-4.829716059585863750e+14,1.068816926658246160e+02
8.400000000000000355e+00,1.218489448250205000e+16,1.603455428051360968e+03,7.121035087121364000e+15,-9.215712350119365000e+14,7.121035087121364000e+15,-9.215712350119365000e+14,3.154462656159694234e+01
8.500000000000000000e+00,1.290293650253595400e+16,1.660652037924190154e+03,7.106075495874485000e+15,-6.038541277692703750e+14,7.106075495874485000e+15,-6.038541277692703750e+14,1.893432942172361422e+01
8.599999999999999645e+00,1.361610512748329400e+16,1.713238581423779351e+03,6.956571827382905000e+15,-7.977580758602125000e+14,6.956571827382905000e+15,-7.977580758602125000e+14,6.397363437227881811e+00
8.700000000000001066e+00,1.431632159071005800e+16,1.763625402014964948e+03,6.507112770102023000e+15,-1.923188142188394750e+15,6.507112770102023000e+15,-1.923188142188394750e+15,-2.484537043719801375e+01
8.800000000000000711e+00,1.499485802476000600e+16,1.811529597959078274e+03,6.031785492889002000e+15,-2.358423769150978500e+15,6.031785492889002000e+15,-2.358423769150978500e+15,3.727231333405855995e-01
8.900000000000000355e+00,1.564250452484595000e+16,1.854931985219653370e+03,5.362660304509783000e+15,-2.849597279548585500e+15,5.362660304509783000e+15,-2.849597279548585500e+15,1.305480403344360951e+01
9.000000000000000000e+00,1.624977983471283400e+16,1.895425689084705709e+03,3.939665339313700000e+15,-3.943176112593539000e+15,3.939665339313700000e+15,-3.943176112593539000e+15,7.858435323763444114e-01
9.099999999999999645e+00,1.680718095456200200e+16,1.932388770665550055e+03,5.298790174995256875e+14,-4.954570164450403000e+15,5.298790174995256875e+14,-4.954570164450403000e+15,7.747439080383234256e+00
9.200000000000001066e+00,1.730546337736867200e+16,1.965534572498093212e+03,-3.432686408699988500e+15,-2.597631673213653500e+15,-3.432686408699988500e+15,-2.597631673213653500e+15,8.776980789828774832e+00
9.300000000000000711e+00,1.773594016292488600e+16,1.993788885156123570e+03,-2.915435083784416500e+15,-2.022802223014189500e+15,-2.915435083784416500e+15,-2.022802223014189500e+15,1.510139352232091703e+01
9.400000000000000355e+00,1.809078506652749600e+16,2.021961740355737220e+03,-2.617326275944807500e+15,7.597951810661003750e+14,-2.617326275944807500e+15,7.597951810661003750e+14,-2.859063684222181934e+00
9.500000000000000000e+00,1.836332287219809600e+16,2.056515303481509363e+03,-1.849483013135051750e+15,2.589985679232586719e+13,-1.849483013135051750e+15,2.589985679232586719e+13,-3.127589732905253772e+00
9.600000000000001421e+00,1.854828930749059600e+16,2.078122104593650874e+03,-8.346055235124920000e+14,4.271088552213492500e+14,-8.346055235124920000e+14,4.271088552213492500e+14,-3.408451632189966318e+01
9.700000000000001066e+00,1.864204368627326000e+16,2.020231597060372223e+03,-6.691596506569486328e+12,9.686670563349145508e+11,-6.691596506569486328e+12,9.686670563349145508e+11,-1.556420314939204808e+01
9.800000000000000711e+00,1.864271982072492400e+16,2.160945660452675838e+03,-9.111302531699818750e+14,1.545994283019949688e+14,-9.111302531699818750e+14,1.545994283019949688e+14,-3.124784863705098914e+01
9.900000000000000355e+00,1.855030449074775200e+16,2.097641904320590584e+03,-1.801995560551915250e+15,3.551703173582185625e+14,-1.801995560551915250e+15,3.551703173582185625e+14,-3.122132259295696244e+01
